{"cameraMode":{"drawMode":0,"name":"Shaded","section":"Shading Mode"},"sceneLighting":false,"audioPlay":false,"sceneViewState":{"m_AlwaysRefresh":false,"showFog":true,"showSkybox":false,"showFlares":true,"showImageEffects":true,"showParticleSystems":true,"showVisualEffectGraphs":true,"m_FxEnabled":true},"in2DMode":false,"pivot":{"x":-0.17484945058822633,"y":0.5523334741592407,"z":0.6113553047180176},"rotation":{"x":0.17716069519519807,"y":0.11807920783758164,"z":-0.021418973803520204,"w":0.9768512845039368},"size":1.3649617433547974,"orthographic":false}